<?xml version="1.0" encoding="UTF-8"?>
<!DOCTYPE hibernate-mapping PUBLIC "-//Hibernate/Hibernate Mapping DTD 3.0//EN"
"http://hibernate.sourceforge.net/hibernate-mapping-3.0.dtd">
<!-- Generated 09-Oct-2023, 8:41:25 am by Hibernate Tools 3.5.0.Final -->
<hibernate-mapping>
	<class name="com.java.inf.Employee" table="EmpHib1">
		 <id name="employeeId" type="int">
            <column name="EMPLOYEEID" />
            <generator class="assigned" />
        </id>
        <property name="name" type="java.lang.String">
            <column name="NAME" />
        </property>
        <property name="email" type="java.lang.String">
            <column name="EMAIL" />
        </property>
        <one-to-one name="address" class="com.java.inf.Address" cascade="all">
        </one-to-one>
	</class>
</hibernate-mapping>